{
    "index": 
        {
            "name": "xxx",
            "author": "xxx",
            "affiliation": "隶属单位",
            "get_way": "左上角来源",
            "page": "页码4112-4115",
            "pageNum": "页数4",
            "publish_time": "xxx",
            "db_type": "xxx",
            "cited": "xxx",
            "download": "xxx",
            "abstract": "xxx",
            "keywords": "搜索引擎;网络爬虫;",
            "url": "xxx",
            "crawl_time": "xxx"
        },
    "2": 
        {
            "name": "xxx",
            "author": "xxx",
            "affiliation": "隶属单位",
            "get_way": "左上角来源",
            "page": "页码4112-4115",
            "pageNum": "页数4",
            "publish_time": "xxx",
            "db_type": "xxx",
            "cited": "xxx",
            "download": "xxx",
            "abstract": "xxx",
            "keywords": "搜索引擎;网络爬虫;",
            "url": "xxx",
            "crawl_time": "xxx"
        }
    
}