{
    "pageNum": [
        {
            "index": "xxx",
            "name": "xxx",
            "author": "xxx",
            "get_way": "xxx",
            "publish_time": "xxx",
            "db_type": "xxx",
            "cited": "xxx",
            "download": "xxx",
            "url": "xxx",
            "crawl_time": "xxx"
        },
        {

        }
    ],
    "2": [
        {
            "index": "xxx",
            "name": "xxx",
            "author": "xxx",
            "get_way": "xxx",
            "publish_time": "xxx",
            "db_type": "xxx",
            "cited": "xxx",
            "download": "xxx",
            "url": "xxx",
            "crawl_time": "xxx"
        },
        {

        }
    ]
}